<?xml version="1.0"?>

<!DOCTYPE document PUBLIC "-//APACHE//DTD Documentation V2.0//EN"
          "http://forrest.apache.org/dtd/document-v20.dtd">


<document>

  <header>
    <title> 
      Hadoop On Demand
    </title>
  </header>

  <body>
<section>
<title>Overview</title>

<p>The Hadoop On Demand (HOD) project is a system for provisioning and
managing independent Hadoop Map/Reduce and Hadoop Distributed File System (HDFS)
instances on a shared cluster 
of nodes. HOD is a tool that makes it easy for administrators and users to 
quickly setup and use Hadoop. It is also a very useful tool for Hadoop developers 
and testers who need to share a physical cluster for testing their own Hadoop 
versions.
</p>

<p>HOD relies on a resource manager (RM) for allocation of nodes that it can use for
running Hadoop instances. At present it runs with the <a href="ext:hod/torque">Torque
resource manager</a>.
</p>

<p>
The basic system architecture of HOD includes these components:</p>
<ul>
  <li>A Resource manager (possibly together with a scheduler)</li>
  <li>Various HOD components</li>
  <li>Hadoop Map/Reduce and HDFS daemons</li>
</ul>

<p>
HOD provisions and maintains Hadoop Map/Reduce and, optionally, HDFS instances 
through interaction with the above components on a given cluster of nodes. A cluster of
nodes can be thought of as comprising two sets of nodes:</p>
<ul>
  <li>Submit nodes: Users use the HOD client on these nodes to allocate clusters, and then
use the Hadoop client to submit Hadoop jobs. </li>
  <li>Compute nodes: Using the resource manager, HOD components are run on these nodes to 
provision the Hadoop daemons. After that Hadoop jobs run on them.</li>
</ul>

<p>
Here is a brief description of the sequence of operations in allocating a cluster and
running jobs on them.
</p>

<ul>
  <li>The user uses the HOD client on the Submit node to allocate a desired number of
cluster nodes and to provision Hadoop on them.</li>
  <li>The HOD client uses a resource manager interface (qsub, in Torque) to submit a HOD
process, called the RingMaster, as a Resource Manager job, to request the user's desired number 
of nodes. This job is submitted to the central server of the resource manager (pbs_server, in Torque).</li>
  <li>On the compute nodes, the resource manager slave daemons (pbs_moms in Torque) accept
and run jobs that they are assigned by the central server (pbs_server in Torque). The RingMaster 
process is started on one of the compute nodes (mother superior, in Torque).</li>
  <li>The RingMaster then uses another resource manager interface (pbsdsh, in Torque) to run
the second HOD component, HodRing, as distributed tasks on each of the compute
nodes allocated.</li>
  <li>The HodRings, after initializing, communicate with the RingMaster to get Hadoop commands, 
and run them accordingly. Once the Hadoop commands are started, they register with the RingMaster,
giving information about the daemons.</li>
  <li>All the configuration files needed for Hadoop instances are generated by HOD itself, 
some obtained from options given by user in its own configuration file.</li>
  <li>The HOD client keeps communicating with the RingMaster to find out the location of the 
JobTracker and HDFS daemons.</li>
</ul>

<p>The rest of this document describes how to setup HOD on a physical cluster of nodes.</p>

</section>

<section>
<title>Pre-requisites</title>
<p>To use HOD, your system should include the following hardware and software
components.</p>
<p>Operating System: HOD is currently tested on RHEL4.<br/>
Nodes : HOD requires a minimum of three nodes configured through a resource manager.<br/></p>

<p> Software </p>
<p>The following components must be installed on ALL nodes before using HOD:</p>
<ul>
 <li>Torque: Resource manager</li>
 <li><a href="ext:hod/python">Python</a> : HOD requires version 2.5.1 of Python.</li>
</ul>

<p>The following components are optional and can be installed to obtain better
functionality from HOD:</p>
<ul>
 <li><a href="ext:hod/twisted-python">Twisted Python</a>: This can be
  used for improving the scalability of HOD. If this module is detected to be
  installed, HOD uses it, else it falls back to default modules.</li>
 <li><a href="ext:site">Hadoop</a>: HOD can automatically
 distribute Hadoop to all nodes in the cluster. However, it can also use a
 pre-installed version of Hadoop, if it is available on all nodes in the cluster.
  HOD currently supports Hadoop 0.15 and above.</li>
</ul>

<p>NOTE: HOD configuration requires the location of installs of these
components to be the same on all nodes in the cluster. It will also
make the configuration simpler to have the same location on the submit
nodes.
</p>
</section>

<section>
<title>Resource Manager</title>
<p>  Currently HOD works with the Torque resource manager, which it uses for its node
  allocation and job submission. Torque is an open source resource manager from
  <a href="ext:hod/cluster-resources">Cluster Resources</a>, a community effort
  based on the PBS project. It provides control over batch jobs and distributed compute nodes. Torque is
  freely available for download from <a href="ext:hod/torque-download">here</a>.
  </p>

<p>  All documentation related to torque can be seen under
  the section TORQUE Resource Manager <a
  href="ext:hod/torque-docs">here</a>. You can
  get wiki documentation from <a
  href="ext:hod/torque-wiki">here</a>.
  Users may wish to subscribe to TORQUE’s mailing list or view the archive for questions,
  comments <a
  href="ext:hod/torque-mailing-list">here</a>.
</p>

<p>To use HOD with Torque:</p>
<ul>
 <li>Install Torque components: pbs_server on one node (head node), pbs_mom on all
  compute nodes, and PBS client tools on all compute nodes and submit
  nodes. Perform at least a basic configuration so that the Torque system is up and
  running, that is, pbs_server knows which machines to talk to. Look <a
  href="ext:hod/torque-basic-config">here</a>
  for basic configuration.

  For advanced configuration, see <a
  href="ext:hod/torque-advanced-config">here</a></li>
 <li>Create a queue for submitting jobs on the pbs_server. The name of the queue is the
  same as the HOD configuration parameter, resource-manager.queue. The HOD client uses this queue to
  submit the RingMaster process as a Torque job.</li>
 <li>Specify a cluster name as a property for all nodes in the cluster.
  This can be done by using the qmgr command. For example:
  <code>qmgr -c "set node node properties=cluster-name"</code>. The name of the cluster is the same as
  the HOD configuration parameter, hod.cluster. </li>
 <li>Make sure that jobs can be submitted to the nodes. This can be done by
  using the qsub command. For example:
  <code>echo "sleep 30" | qsub -l nodes=3</code></li>
</ul>

</section>

<section>
<title>Installing HOD</title>

<p>Once the resource manager is set up, you can obtain and
install HOD.</p>
<ul>
 <li>If you are getting HOD from the Hadoop tarball, it is available under the 
  'contrib' section of Hadoop, under the root  directory 'hod'.</li>
 <li>If you are building from source, you can run ant tar from the Hadoop root
  directory to generate the Hadoop tarball, and then get HOD from there,
  as described above.</li>
 <li>Distribute the files under this directory to all the nodes in the
  cluster. Note that the location where the files are copied should be
  the same on all the nodes.</li>
  <li>Note that compiling hadoop would build HOD with appropriate permissions 
  set on all the required script files in HOD.</li>
</ul>
</section>

<section>
<title>Configuring HOD</title>

<p>You can configure HOD once it is installed. The minimal configuration needed
to run HOD is described below. More advanced configuration options are discussed
in the HOD Configuration Guide.</p>
<section>
  <title>Minimal Configuration</title>
  <p>To get started using HOD, the following minimal configuration is
  required:</p>
<ul>
 <li>On the node from where you want to run HOD, edit the file hodrc
  located in the &lt;install dir&gt;/conf directory. This file
  contains the minimal set of values required to run hod.</li>
 <li>
<p>Specify values suitable to your environment for the following
  variables defined in the configuration file. Note that some of these
  variables are defined at more than one place in the file.</p>

  <ul>
   <li>${JAVA_HOME}: Location of Java for Hadoop. Hadoop supports Sun JDK
    1.5.x and above.</li>
   <li>${CLUSTER_NAME}: Name of the cluster which is specified in the
    'node property' as mentioned in resource manager configuration.</li>
   <li>${HADOOP_HOME}: Location of Hadoop installation on the compute and
    submit nodes.</li>
   <li>${RM_QUEUE}: Queue configured for submitting jobs in the resource
    manager configuration.</li>
   <li>${RM_HOME}: Location of the resource manager installation on the
    compute and submit nodes.</li>
    </ul>
</li>

<li>
<p>The following environment variables may need to be set depending on
  your environment. These variables must be defined where you run the
  HOD client and must also be specified in the HOD configuration file as the
  value of the key resource_manager.env-vars. Multiple variables can be
  specified as a comma separated list of key=value pairs.</p>

  <ul>
   <li>HOD_PYTHON_HOME: If you install python to a non-default location
    of the compute nodes, or submit nodes, then this variable must be
    defined to point to the python executable in the non-standard
    location.</li>
    </ul>
</li>
</ul>
</section>

  <section>
    <title>Advanced Configuration</title>
    <p> You can review and modify other configuration options to suit
 your specific needs. Refer to the <a href="hod_config_guide.html">Configuration
 Guide</a> for more information.</p>
  </section>
</section>

  <section>
    <title>Running HOD</title>
    <p>You can run HOD once it is configured. Refer to <a
    href="hod_user_guide.html">the HOD User Guide</a> for more information.</p>
  </section>

  <section>
    <title>Supporting Tools and Utilities</title>
    <p>This section describes supporting tools and utilities that can be used to
    manage HOD deployments.</p>
    
    <section>
      <title>logcondense.py - Manage Log Files</title>
      <p>As mentioned in the 
         <a href="hod_user_guide.html#Collecting+and+Viewing+Hadoop+Logs">HOD User Guide</a>,
         HOD can be configured to upload
         Hadoop logs to a statically configured HDFS. Over time, the number of logs uploaded
         to HDFS could increase. logcondense.py is a tool that helps
         administrators to remove log files uploaded to HDFS. </p>
      <section>
        <title>Running logcondense.py</title>
        <p>logcondense.py is available under hod_install_location/support folder. You can either
        run it using python, for example, <em>python logcondense.py</em>, or give execute permissions 
        to the file, and directly run it as <em>logcondense.py</em>. logcondense.py needs to be 
        run by a user who has sufficient permissions to remove files from locations where log 
        files are uploaded in the HDFS, if permissions are enabled. For example as mentioned in the
        <a href="hod_config_guide.html#3.7+hodring+options">configuration guide</a>, the logs could
        be configured to come under the user's home directory in HDFS. In that case, the user
        running logcondense.py should have super user privileges to remove the files from under
        all user home directories.</p>
      </section>
      <section>
        <title>Command Line Options for logcondense.py</title>
        <p>The following command line options are supported for logcondense.py.</p>
          <table>
            <tr>
              <td>Short Option</td>
              <td>Long option</td>
              <td>Meaning</td>
              <td>Example</td>
            </tr>
            <tr>
              <td>-p</td>
              <td>--package</td>
              <td>Complete path to the hadoop script. The version of hadoop must be the same as the 
                  one running HDFS.</td>
              <td>/usr/bin/hadoop</td>
            </tr>
            <tr>
              <td>-d</td>
              <td>--days</td>
              <td>Delete log files older than the specified number of days</td>
              <td>7</td>
            </tr>
            <tr>
              <td>-c</td>
              <td>--config</td>
              <td>Path to the Hadoop configuration directory, under which hadoop-site.xml resides.
              The hadoop-site.xml must point to the HDFS NameNode from where logs are to be removed.</td>
              <td>/home/foo/hadoop/conf</td>
            </tr>
            <tr>
              <td>-l</td>
              <td>--logs</td>
              <td>A HDFS path, this must be the same HDFS path as specified for the log-destination-uri,
              as mentioned in the  <a href="hod_config_guide.html#3.7+hodring+options">configuration guide</a>,
              without the hdfs:// URI string</td>
              <td>/user</td>
            </tr>
            <tr>
              <td>-n</td>
              <td>--dynamicdfs</td>
              <td>If true, this will indicate that the logcondense.py script should delete HDFS logs
              in addition to Map/Reduce logs. Otherwise, it only deletes Map/Reduce logs, which is also the
              default if this option is not specified. This option is useful if
              dynamic HDFS installations 
              are being provisioned by HOD, and the static HDFS installation is being used only to collect 
              logs - a scenario that may be common in test clusters.</td>
              <td>false</td>
            </tr>
          </table>
        <p>So, for example, to delete all log files older than 7 days using a hadoop-site.xml stored in
        ~/hadoop-conf, using the hadoop installation under ~/hadoop-0.17.0, you could say:</p>
        <p><em>python logcondense.py -p ~/hadoop-0.17.0/bin/hadoop -d 7 -c ~/hadoop-conf -l /user</em></p>
      </section>
    </section>
    <section>
      <title>checklimits.sh - Monitor Resource Limits</title>
      <p>checklimits.sh is a HOD tool specific to the Torque/Maui environment
      (<a href="ext:hod/maui">Maui Cluster Scheduler</a> is an open source job
      scheduler for clusters and supercomputers, from clusterresources). The
      checklimits.sh script
      updates the torque comment field when newly submitted job(s) violate or
      exceed
      over user limits set up in Maui scheduler. It uses qstat, does one pass
      over the torque job-list to determine queued or unfinished jobs, runs Maui
      tool checkjob on each job to see if user limits are violated and then
      runs torque's qalter utility to update job attribute 'comment'. Currently
      it updates the comment as <em>User-limits exceeded. Requested:([0-9]*)
      Used:([0-9]*) MaxLimit:([0-9]*)</em> for those jobs that violate limits.
      This comment field is then used by HOD to behave accordingly depending on
      the type of violation.</p>
      <section>
        <title>Running checklimits.sh</title>
        <p>checklimits.sh is available under the hod_install_location/support
        folder. This shell script can be run directly as <em>sh
        checklimits.sh </em>or as <em>./checklimits.sh</em> after enabling
        execute permissions. Torque and Maui binaries should be available
        on the machine where the tool is run and should be in the path
        of the shell script process. To update the
        comment field of jobs from different users, this tool must be run with
        torque administrative privileges. This tool must be run repeatedly
        after specific intervals of time to frequently update jobs violating
        constraints, for example via cron. Please note that the resource manager
        and scheduler commands used in this script can be expensive and so
        it is better not to run this inside a tight loop without sleeping.</p>
      </section>
    </section>
  </section>
</body>
</document>
