<?xml version="1.0"?>
<!--
  Copyright 2002-2004 The Apache Software Foundation

  Licensed under the Apache License, Version 2.0 (the "License");
  you may not use this file except in compliance with the License.
  You may obtain a copy of the License at

      http://www.apache.org/licenses/LICENSE-2.0

  Unless required by applicable law or agreed to in writing, software
  distributed under the License is distributed on an "AS IS" BASIS,
  WITHOUT WARRANTIES OR CONDITIONS OF ANY KIND, either express or implied.
  See the License for the specific language governing permissions and
  limitations under the License.
-->

<!DOCTYPE document PUBLIC "-//APACHE//DTD Documentation V2.0//EN" "http://forrest.apache.org/dtd/document-v20.dtd">

<document>
  
  <header>
    <title>Hadoop Documentation</title>
  </header>
  
  <body>
    <p>
    The following documents provide concepts and procedures that will help you 
    get started using Hadoop. If you have more questions, you can ask the 
    <a href="ext:lists">mailing list</a> or browse the archives.
    </p>
    <ul>
      <li><a href="quickstart.html">Hadoop Quickstart</a></li>
      <li><a href="cluster_setup.html">Hadoop Cluster Setup</a></li>
      <li><a href="hdfs_design.html">Hadoop Distributed File System</a></li>
      <li><a href="mapred_tutorial.html">Hadoop Map-Reduce Tutorial</a></li>
      <li><a href="native_libraries.html">Native Hadoop Libraries</a></li>
      <li><a href="ext:api/index">API Docs</a></li>
      <li><a href="ext:wiki">Wiki</a></li>
      <li><a href="ext:faq">FAQ</a></li>
    </ul>
  </body>
  
</document>
